,Temp,Rainfall
count,3.0,3.0
mean,31.666666666666668,10.0
std,3.5118845842842465,5.0
min,28.0,5.0
25%,30.0,7.5
50%,32.0,10.0
75%,33.5,12.5
max,35.0,15.0
